model,mfg,capacity_tb,drive_count,avg_age_months,drive_days,failures,afr_pct,source
MG08ACA16TA,Toshiba,16,39522,,21786228,566,0.95,Backblaze thru Q2 2026
WUH722222ALE6L4,WDC,22,45556,,21752160,282,0.47,Backblaze thru Q2 2026
MG07ACA14TA,Toshiba,14,36925,,20367376,705,1.26,Backblaze thru Q2 2026
ST16000NM001G,Seagate,16,34998,,18641911,283,0.55,Backblaze thru Q2 2026
WUH721816ALE6L4,WDC,16,26739,,14506527,320,0.81,Backblaze thru Q2 2026
ST12000NM0008,Seagate,12,18363,,10212727,760,2.72,Backblaze thru Q2 2026
MG10ACA20TE,Toshiba,20,25171,,8692166,186,0.78,Backblaze thru Q2 2026
ST8000NM0055,Seagate,8,12874,,7224396,442,2.23,Backblaze thru Q2 2026
HUH721212ALE604,HGST,12,13057,,7227673,554,2.80,Backblaze thru Q2 2026
ST12000NM001G,Seagate,12,13072,,7197315,204,1.03,Backblaze thru Q2 2026
ST14000NM001G,Seagate,14,10455,,5743412,202,1.28,Backblaze thru Q2 2026
HUH721212ALN604,HGST,12,9397,,5359967,668,4.55,Backblaze thru Q2 2026
WUH721414ALE6L4,WDC,14,8548,,4701165,100,0.78,Backblaze thru Q2 2026
ST8000DM002,Seagate,8,5968,,4479333,219,1.78,Backblaze thru Q2 2026
ST24000NM002H,Seagate,24,9482,,3622687,302,3.04,Backblaze thru Q2 2026
MG08ACA16TE,Toshiba,16,6228,,3310632,116,1.28,Backblaze thru Q2 2026
MG08ACA16TEY,Toshiba,16,4789,,2718147,390,5.24,Backblaze thru Q2 2026
WUH721816ALE6L0,WDC,16,2941,,1629629,115,2.58,Backblaze thru Q2 2026
HUH721212ALE600,HGST,12,2591,,1421538,33,0.85,Backblaze thru Q2 2026
MG11ACA24TE,Toshiba,24,9597,,1694377,23,0.50,Backblaze thru Q2 2026
ST14000NM0138,Seagate,14,1211,,689230,108,5.72,Backblaze thru Q2 2026
HUH728080ALE600,HGST,8,103,,485752,39,2.93,Backblaze thru Q2 2026
ST10000NM0086,Seagate,10,936,,540219,91,6.15,Backblaze thru Q2 2026
ST12000NM0007,Seagate,12,957,,541543,76,5.12,Backblaze thru Q2 2026
ST12000NM000J,Seagate,12,1079,,542215,5,0.34,Backblaze thru Q2 2026
MG07ACA14TEY,Toshiba,14,982,,502254,31,2.25,Backblaze thru Q2 2026
HMS5C4040BLE640,HGST,4,186,,391135,5,0.47,Backblaze thru Q1 2026
WUH722626ALE6L4,WDC,26,6958,,736527,17,0.84,Backblaze thru Q2 2026
ST16000NM002J,Seagate,16,463,,252603,5,0.72,Backblaze thru Q2 2026
ST14000NM000J,Seagate,14,496,,197720,8,1.48,Backblaze thru Q2 2026
MG09ACA16TE,Toshiba,16,893,,168744,6,1.30,Backblaze thru Q2 2026
