model,brand,line,capacity_tb,rpm,cache_mb,interface,form_factor,rec_tech,class,in_production,confidence,notes,acoustic_idle_db,acoustic_seek_db,helium,media_type,nand_type,tbw_tb,dwpd,has_dram,has_plp,sustained_write_mbps
WD20EFPX,WD,Red Plus,2,5400,128,SATA,3.5,CMR,NAS,yes,high,,24,28,0
WD30EFZX,WD,Red Plus,3,5400,128,SATA,3.5,CMR,NAS,yes,medium,older EFZX naming,24,28,0
WD40EFPX,WD,Red Plus,4,5400,256,SATA,3.5,CMR,NAS,yes,high,,24,28,0
WD60EFPX,WD,Red Plus,6,5400,256,SATA,3.5,CMR,NAS,yes,high,,24,28,0
WD80EFPX,WD,Red Plus,8,5640,256,SATA,3.5,CMR,NAS,yes,high,,24,28,0
WD80EFZZ,WD,Red Plus,8,5640,256,SATA,3.5,CMR,NAS,yes,medium,alt 8TB SKU,24,28,0
WD101EFBX,WD,Red Plus,10,7200,256,SATA,3.5,CMR,NAS,yes,high,,24,28,1
WD120EFBX,WD,Red Plus,12,7200,256,SATA,3.5,CMR,NAS,yes,high,,24,28,1
WD140EFGX,WD,Red Plus,14,7200,512,SATA,3.5,CMR,NAS,yes,high,,24,28,1
WD2002FFSX,WD,Red Pro,2,7200,64,SATA,3.5,CMR,NAS-Pro,yes,high,,20,36,0
WD4005FFBX,WD,Red Pro,4,7200,256,SATA,3.5,CMR,NAS-Pro,yes,medium,,20,36,0
WD6005FFBX,WD,Red Pro,6,7200,256,SATA,3.5,CMR,NAS-Pro,yes,medium,,20,36,0
WD8005FFBX,WD,Red Pro,8,7200,256,SATA,3.5,CMR,NAS-Pro,yes,medium,,20,36,0
WD102KFBX,WD,Red Pro,10,7200,256,SATA,3.5,CMR,NAS-Pro,yes,high,,20,36,1
WD121KFBX,WD,Red Pro,12,7200,256,SATA,3.5,CMR,NAS-Pro,yes,high,,20,36,1
WD142KFGX,WD,Red Pro,14,7200,512,SATA,3.5,CMR,NAS-Pro,yes,high,,20,36,1
WD161KFGX,WD,Red Pro,16,7200,512,SATA,3.5,CMR,NAS-Pro,yes,high,,20,36,1
WD181KFGX,WD,Red Pro,18,7200,512,SATA,3.5,CMR,NAS-Pro,yes,high,,20,36,1
WD201KFGX,WD,Red Pro,20,7200,512,SATA,3.5,CMR,NAS-Pro,yes,high,,20,36,1
WD221KFGX,WD,Red Pro,22,7200,512,SATA,3.5,CMR,NAS-Pro,yes,high,,20,36,1
WD241KFGX,WD,Red Pro,24,7200,512,SATA,3.5,CMR,NAS-Pro,yes,high,24TB Red Pro; WD241KFGX supersedes WD240KFGX (identical CMR spec),25,32,1
WD1005FBYZ,WD,Gold,1,7200,128,SATA,3.5,CMR,Enterprise,yes,medium,,20,32,0
WD2005FBYZ,WD,Gold,2,7200,128,SATA,3.5,CMR,Enterprise,yes,medium,,20,32,0
WD4004FRYZ,WD,Gold,4,7200,256,SATA,3.5,CMR,Enterprise,yes,medium,,20,32,0
WD6004FRYZ,WD,Gold,6,7200,256,SATA,3.5,CMR,Enterprise,yes,medium,,20,32,0
WD8004FRYZ,WD,Gold,8,7200,256,SATA,3.5,CMR,Enterprise,yes,medium,,20,32,0
WD102KRYZ,WD,Gold,10,7200,256,SATA,3.5,CMR,Enterprise,yes,high,,20,32,1
WD121KRYZ,WD,Gold,12,7200,256,SATA,3.5,CMR,Enterprise,yes,high,,20,32,1
WD142KRYZ,WD,Gold,14,7200,512,SATA,3.5,CMR,Enterprise,yes,high,,20,32,1
WD161KRYZ,WD,Gold,16,7200,512,SATA,3.5,CMR,Enterprise,yes,high,,20,32,1
WD181KRYZ,WD,Gold,18,7200,512,SATA,3.5,CMR,Enterprise,yes,high,,20,32,1
WD202KRYZ,WD,Gold,20,7200,512,SATA,3.5,CMR,Enterprise,yes,medium,,20,32,1
WD221KRYZ,WD,Gold,22,7200,512,SATA,3.5,CMR,Enterprise,yes,medium,,20,32,1
WD241KRYZ,WD,Gold,24,7200,512,SATA,3.5,CMR,Enterprise,no,medium,discontinued; superseded by WD242KRYZ revision,20,32,1
WD242KRYZ,WD,Gold,24,7200,512,SATA,3.5,CMR,Enterprise,yes,high,current 24TB Gold (revision of WD241KRYZ),20,32,1
HUS728T8TALE6L4,WD,Ultrastar DC HC320,8,7200,256,SATA,3.5,CMR,Enterprise,yes,medium,,,,0
WUS721010ALE6L4,WD,Ultrastar DC HC330,10,7200,256,SATA,3.5,CMR,Enterprise,yes,medium,,,,0
HUH721212ALE604,WD,Ultrastar DC HC520,12,7200,256,SATA,3.5,CMR,Enterprise,yes,medium,,20,36,1
WUH721414ALE6L4,WD,Ultrastar DC HC530,14,7200,512,SATA,3.5,CMR,Enterprise,yes,high,,20,36,1
WUH721816ALE6Lx,WD,Ultrastar DC HC550,16,7200,512,SATA,3.5,CMR,Enterprise,yes,high,Backblaze AFR; merged SKUs L0/L4,20,36,1
WUH721818ALE6L4,WD,Ultrastar DC HC550,18,7200,512,SATA,3.5,CMR,Enterprise,yes,high,,20,36,1
WUH722020BLE6L4,WD,Ultrastar DC HC560,20,7200,512,SATA,3.5,CMR,Enterprise,yes,medium,,20,36,1
WUH722222ALE6L4,WD,Ultrastar DC HC570,22,7200,512,SATA,3.5,CMR,Enterprise,yes,medium,,20,36,1
WUH722424ALE6L4,WD,Ultrastar DC HC580,24,7200,512,SATA,3.5,CMR,Enterprise,yes,medium,,20,36,1
WUH721414AL5204,WD,Ultrastar DC HC530,14,7200,512,SAS,3.5,CMR,Enterprise,yes,medium,SAS variant,20,36,1
WD8001PURP,WD,Purple Pro,8,7200,256,SATA,3.5,CMR,Surveillance,yes,medium,,20,32,0
WD101PURP,WD,Purple Pro,10,7200,256,SATA,3.5,CMR,Surveillance,yes,medium,,20,32,1
WD121PURP,WD,Purple Pro,12,7200,256,SATA,3.5,CMR,Surveillance,yes,medium,,20,32,1
WD141PURP,WD,Purple Pro,14,7200,512,SATA,3.5,CMR,Surveillance,yes,medium,,20,32,1
WD181PURP,WD,Purple Pro,18,7200,512,SATA,3.5,CMR,Surveillance,yes,medium,,20,32,1
WD221PURP,WD,Purple Pro,22,7200,512,SATA,3.5,CMR,Surveillance,yes,medium,,20,32,1
ST1000VN002,Seagate,IronWolf,1,5900,64,SATA,3.5,CMR,NAS,yes,medium,,,,0
ST2000VN003,Seagate,IronWolf,2,5400,256,SATA,3.5,CMR,NAS,yes,high,,,,0
ST3000VN006,Seagate,IronWolf,3,5400,256,SATA,3.5,CMR,NAS,yes,medium,,,,0
ST4000VN006,Seagate,IronWolf,4,5400,256,SATA,3.5,CMR,NAS,yes,high,,,,0
ST6000VN006,Seagate,IronWolf,6,5400,256,SATA,3.5,CMR,NAS,yes,high,,,,0
ST8000VN004,Seagate,IronWolf,8,7200,256,SATA,3.5,CMR,NAS,yes,high,,,,0
ST10000VN000,Seagate,IronWolf,10,7200,256,SATA,3.5,CMR,NAS,yes,medium,older SKU,,,1
ST12000VN0008,Seagate,IronWolf,12,7200,256,SATA,3.5,CMR,NAS,yes,high,,,,1
ST2000NT001,Seagate,IronWolf Pro,2,7200,256,SATA,3.5,CMR,NAS-Pro,yes,medium,,28,32,0
ST4000NT001,Seagate,IronWolf Pro,4,7200,256,SATA,3.5,CMR,NAS-Pro,yes,medium,,28,32,0
ST6000NT001,Seagate,IronWolf Pro,6,7200,256,SATA,3.5,CMR,NAS-Pro,yes,medium,,28,32,0
ST8000NT001,Seagate,IronWolf Pro,8,7200,256,SATA,3.5,CMR,NAS-Pro,yes,high,,28,32,0
ST10000NT001,Seagate,IronWolf Pro,10,7200,256,SATA,3.5,CMR,NAS-Pro,yes,medium,,28,32,1
ST12000NT001,Seagate,IronWolf Pro,12,7200,256,SATA,3.5,CMR,NAS-Pro,yes,high,,28,32,1
ST14000NT001,Seagate,IronWolf Pro,14,7200,256,SATA,3.5,CMR,NAS-Pro,yes,high,,28,32,1
ST16000NT001,Seagate,IronWolf Pro,16,7200,256,SATA,3.5,CMR,NAS-Pro,yes,high,,28,32,1
ST18000NT001,Seagate,IronWolf Pro,18,7200,256,SATA,3.5,CMR,NAS-Pro,yes,high,,28,32,1
ST20000NT001,Seagate,IronWolf Pro,20,7200,256,SATA,3.5,CMR,NAS-Pro,yes,high,,28,32,1
ST22000NT001,Seagate,IronWolf Pro,22,7200,512,SATA,3.5,CMR,NAS-Pro,yes,high,,28,32,1
ST24000NT002,Seagate,IronWolf Pro,24,7200,512,SATA,3.5,CMR,NAS-Pro,yes,medium,,28,32,1
ST8000NM000A,Seagate,Exos 7E8,8,7200,256,SATA,3.5,CMR,Enterprise,yes,medium,,28,32,0
ST8000NM017B,Seagate,Exos 7E10,8,7200,256,SATA,3.5,CMR,Enterprise,yes,medium,,28,32,0
ST8000NM018B,Seagate,Exos 7E10,8,7200,256,SAS,3.5,CMR,Enterprise,yes,medium,SAS variant,28,32,0
ST10000NM019B,Seagate,Exos 7E10,10,7200,256,SATA,3.5,CMR,Enterprise,yes,medium,,28,32,0
ST12000NM001G,Seagate,Exos X16,12,7200,256,SATA,3.5,CMR,Enterprise,yes,high,,29,33,1
ST14000NM001G,Seagate,Exos X16,14,7200,256,SATA,3.5,CMR,Enterprise,yes,high,,29,33,1
ST16000NM001G,Seagate,Exos X16,16,7200,256,SATA,3.5,CMR,Enterprise,yes,high,,29,33,1
ST18000NM000J,Seagate,Exos X18,18,7200,256,SATA,3.5,CMR,Enterprise,yes,high,,29,33,1
ST20000NM007D,Seagate,Exos X20,20,7200,256,SATA,3.5,CMR,Enterprise,yes,high,,29,33,1
ST22000NM001E,Seagate,Exos X22,22,7200,512,SATA,3.5,CMR,Enterprise,yes,medium,,29,33,1
ST24000NM002H,Seagate,Exos X24,24,7200,512,SATA,3.5,CMR,Enterprise,yes,medium,,30,34,1
ST16000NM002G,Seagate,Exos X16,16,7200,256,SAS,3.5,CMR,Enterprise,yes,medium,SAS variant,29,33,1
ST18000NM004J,Seagate,Exos X18,18,7200,256,SAS,3.5,CMR,Enterprise,yes,medium,SAS variant,29,33,1
ST1000VX013,Seagate,SkyHawk,1,5900,64,SATA,3.5,CMR,Surveillance,yes,medium,,26,27,0
ST2000VX017,Seagate,SkyHawk,2,5400,256,SATA,3.5,CMR,Surveillance,yes,medium,,26,27,0
ST4000VX016,Seagate,SkyHawk,4,5900,256,SATA,3.5,CMR,Surveillance,yes,medium,,26,27,0
ST6000VX009,Seagate,SkyHawk,6,5400,256,SATA,3.5,CMR,Surveillance,yes,medium,,26,27,0
ST8000VX010,Seagate,SkyHawk,8,7200,256,SATA,3.5,CMR,Surveillance,yes,medium,,26,27,0
ST8000VE001,Seagate,SkyHawk AI,8,7200,256,SATA,3.5,CMR,Surveillance,yes,medium,,,,0
ST12000VE001,Seagate,SkyHawk AI,12,7200,256,SATA,3.5,CMR,Surveillance,no,medium,discontinued; superseded by ST12000VE003 (512MB revision),,,1
ST12000VE003,Seagate,SkyHawk AI,12,7200,512,SATA,3.5,CMR,Surveillance,yes,high,current SkyHawk AI 12TB (512MB revision of ST12000VE001),,,1
ST16000VE002,Seagate,SkyHawk AI,16,7200,256,SATA,3.5,CMR,Surveillance,yes,medium,,,,1
ST18000VE002,Seagate,SkyHawk AI,18,7200,256,SATA,3.5,CMR,Surveillance,yes,medium,,,,1
ST20000VE002,Seagate,SkyHawk AI,20,7200,512,SATA,3.5,CMR,Surveillance,yes,medium,,,,1
ST24000VE002,Seagate,SkyHawk AI,24,7200,512,SATA,3.5,CMR,Surveillance,yes,low,newest verify,,,1
HDWG440,Toshiba,N300,4,7200,256,SATA,3.5,CMR,NAS,yes,high,,20,,0
HDWG460,Toshiba,N300,6,7200,256,SATA,3.5,CMR,NAS,yes,high,,20,,0
HDWG480,Toshiba,N300,8,7200,256,SATA,3.5,CMR,NAS,yes,high,,20,,0
HDWG11A,Toshiba,N300,10,7200,256,SATA,3.5,CMR,NAS,yes,medium,,20,,0
HDWG21C,Toshiba,N300,12,7200,256,SATA,3.5,CMR,NAS,yes,high,,20,,1
HDWG31G,Toshiba,N300,14,7200,256,SATA,3.5,CMR,NAS,yes,high,,20,,1
HDWG51G,Toshiba,N300,16,7200,512,SATA,3.5,CMR,NAS,yes,high,,20,,1
HDWG180,Toshiba,N300,18,7200,512,SATA,3.5,CMR,NAS,yes,high,,20,,1
MG06ACA600E,Toshiba,MG06,6,7200,256,SATA,3.5,CMR,Enterprise,yes,medium,,,,0
MG06ACA800E,Toshiba,MG06,8,7200,256,SATA,3.5,CMR,Enterprise,yes,medium,,,,0
MG06ACA10TE,Toshiba,MG06,10,7200,256,SATA,3.5,CMR,Enterprise,yes,medium,,,,0
MG07ACA12TE,Toshiba,MG07,12,7200,256,SATA,3.5,CMR,Enterprise,yes,high,,20,,1
MG07ACA14TE,Toshiba,MG07,14,7200,256,SATA,3.5,CMR,Enterprise,yes,high,,20,,1
MG08ACA16Tx,Toshiba,MG08,16,7200,512,SATA,3.5,CMR,Enterprise,yes,high,Backblaze AFR; merged SKUs TA/TE,20,,1
MG09ACA18TE,Toshiba,MG09,18,7200,512,SATA,3.5,CMR,Enterprise,yes,high,,20,,1
MG10ACA20TE,Toshiba,MG10,20,7200,512,SATA,3.5,CMR,Enterprise,yes,medium,,20,,1
MG10AFA22TE,Toshiba,MG10,22,7200,512,SATA,3.5,CMR,Enterprise,yes,medium,,20,,1
MG07SCA14TE,Toshiba,MG07,14,7200,256,SAS,3.5,CMR,Enterprise,yes,medium,SAS variant,20,,1
MG09SCA18TE,Toshiba,MG09,18,7200,512,SAS,3.5,CMR,Enterprise,yes,medium,SAS variant,20,,1
HDWR440,Toshiba,X300,4,7200,256,SATA,3.5,CMR,Desktop,yes,medium,,20,,0
HDWR460,Toshiba,X300,6,7200,256,SATA,3.5,CMR,Desktop,yes,medium,,20,,0
HDWR480,Toshiba,X300,8,7200,256,SATA,3.5,CMR,Desktop,yes,medium,,20,,0
HDWR11A,Toshiba,X300,10,7200,256,SATA,3.5,CMR,Desktop,yes,medium,,20,,0
HDWR21C,Toshiba,X300,12,7200,256,SATA,3.5,CMR,Desktop,yes,medium,,20,,1
HDWR31G,Toshiba,X300,14,7200,256,SATA,3.5,CMR,Desktop,yes,medium,,20,,1
WD20EZAZ,WD,Blue,2,5400,256,SATA,3.5,SMR,Desktop,yes,high,SMR blacklist,21,26,0
WD40EZAZ,WD,Blue,4,5400,256,SATA,3.5,SMR,Desktop,yes,high,SMR blacklist,23,27,0
WD60EZAZ,WD,Blue,6,5400,256,SATA,3.5,SMR,Desktop,yes,high,SMR blacklist,23,27,0
WD40EZAX,WD,Blue,4,5400,256,SATA,3.5,CMR,Desktop,yes,high,CMR (verified WD datasheet 2026),23,25,0
WD60EZAX,WD,Blue,6,5400,256,SATA,3.5,CMR,Desktop,yes,high,CMR (verified WD datasheet 2026),23,27,0
WD20EFAX,WD,Red,2,5400,256,SATA,3.5,SMR,NAS,yes,low,superseded by Red Plus SMR blacklist,23,29,0
WD30EFAX,WD,Red,3,5400,256,SATA,3.5,SMR,NAS,yes,low,superseded SMR blacklist,23,29,0
WD40EFAX,WD,Red,4,5400,256,SATA,3.5,SMR,NAS,yes,low,superseded SMR blacklist,23,29,0
WD60EFAX,WD,Red,6,5400,256,SATA,3.5,SMR,NAS,yes,low,superseded SMR blacklist,23,29,0
WD80EFAX,WD,Red,8,5640,256,SATA,3.5,CMR,NAS,no,medium,pre-Plus CMR WD Red 8TB; same hardware later sold as WD80EFPX Red Plus; discontinued,24,28,0
WD100EFGX,WD,Red,10,7200,256,SATA,3.5,CMR,NAS,no,medium,pre-Plus CMR WD Red 10TB; same hardware later sold as WD101EFBX Red Plus; discontinued,24,28,1
ST2000DM008,Seagate,BarraCuda,2,7200,256,SATA,3.5,SMR,Desktop,yes,high,SMR blacklist,22,24,0
ST3000DM007,Seagate,BarraCuda,3,5400,256,SATA,3.5,SMR,Desktop,yes,medium,SMR blacklist,22,24,0
ST4000DM004,Seagate,BarraCuda,4,5400,256,SATA,3.5,SMR,Desktop,yes,high,SMR blacklist,22,24,0
ST6000DM003,Seagate,BarraCuda,6,5400,256,SATA,3.5,SMR,Desktop,yes,medium,SMR blacklist,22,24,0
ST8000DM004,Seagate,BarraCuda,8,5400,256,SATA,3.5,SMR,Desktop,yes,high,SMR blacklist,22,24,0
HDWD240,Toshiba,P300,4,5400,128,SATA,3.5,SMR,Desktop,yes,medium,SMR blacklist,22,,0
HDWD260,Toshiba,P300,6,5400,128,SATA,3.5,SMR,Desktop,yes,medium,SMR blacklist,22,,0
DT02ABA400,Toshiba,DT02,4,5400,128,SATA,3.5,SMR,Desktop,yes,medium,SMR blacklist,,,0
DT02ABA600,Toshiba,DT02,6,5400,128,SATA,3.5,SMR,Desktop,yes,medium,SMR blacklist,,,0
WUH722626ALE6L4,WD,Ultrastar DC HC590,26,7200,512,SATA,3.5,CMR,Enterprise,yes,high,Backblaze AFR,20,36,1
MG11ACA24TE,Toshiba,MG11,24,7200,512,SATA,3.5,CMR,Enterprise,yes,high,Backblaze AFR,20,,1
MG09ACA16TE,Toshiba,MG09,16,7200,512,SATA,3.5,CMR,Enterprise,yes,high,Backblaze AFR,20,,1
ST12000NM000J,Seagate,Exos X18,12,7200,256,SATA,3.5,CMR,Enterprise,no,high,Backblaze AFR,,,1
HMS5C4040BLE640,WD,MegaScale DC 4000.B,4,5700,64,SATA,3.5,CMR,Enterprise,no,high,HGST CoolSpin; Backblaze AFR,,,0
ST8000DM002,Seagate,BarraCuda,8,7200,256,SATA,3.5,CMR,Desktop,no,high,CMR not SMR; Backblaze AFR,,,0
ST8000NM0055,Seagate,Enterprise Capacity V5,8,7200,256,SATA,3.5,CMR,Enterprise,no,high,Exos 7E8 predecessor; Backblaze AFR,,,0
ST14000NM000J,Seagate,Exos X18,14,7200,256,SATA,3.5,CMR,Enterprise,no,high,Backblaze AFR,,,1
ST16000NM000J,Seagate,Exos X18,16,7200,256,SATA,3.5,CMR,Enterprise,yes,high,Backblaze AFR; merged SKU NM002J,,,1
HUH728080ALE604,WD,Ultrastar He8,8,7200,128,SATA,3.5,CMR,Enterprise,no,high,Backblaze AFR; merged SKU ALE600,,,1
ST12000NM0008,Seagate,Exos X14,12,7200,256,SATA,3.5,CMR,Enterprise,no,high,Backblaze AFR,,,1
ST14000NM0018,Seagate,Exos X14,14,7200,256,SATA,3.5,CMR,Enterprise,no,high,Backblaze AFR; merged SKU NM0138,,,1
ST12000NM0007,Seagate,Exos X12,12,7200,256,SATA,3.5,CMR,Enterprise,no,high,Backblaze AFR,,,1
ST10000NM0086,Seagate,Exos X10,10,7200,256,SATA,3.5,CMR,Enterprise,no,high,Backblaze AFR,,,1
MTFDKCC3T8TFR,Micron,7450 PRO,3.84,,,NVMe,U.3,,Enterprise,yes,high,,,,,ssd,TLC,7300,1,yes,yes,5000
MTFDKCC7T6TFR,Micron,7450 PRO,7.68,,,NVMe,U.3,,Enterprise,yes,high,,,,,ssd,TLC,14000,1,yes,yes,5600
MTFDKCC3T2TFS,Micron,7450 MAX,3.2,,,NVMe,U.3,,Enterprise,yes,high,,,,,ssd,TLC,17500,3,yes,yes,5000
MTFDKCC6T4TFS,Micron,7450 MAX,6.4,,,NVMe,U.3,,Enterprise,yes,high,,,,,ssd,TLC,35000,3,yes,yes,5600
MZQL23T8HCLS-00A07,Samsung,PM9A3,3.84,,,NVMe,U.2,,Enterprise,yes,high,,,,,ssd,TLC,7008,1,yes,yes,
MZQL27T6HBLA-00A07,Samsung,PM9A3,7.68,,,NVMe,U.2,,Enterprise,yes,high,,,,,ssd,TLC,14016,1,yes,yes,
KCD8XRUG3T84,Kioxia,CD8-R,3.84,,,NVMe,U.2,,Enterprise,yes,medium,,,,,ssd,TLC,7008,1,yes,yes,3800
KCD8XRUG7T68,Kioxia,CD8-R,7.68,,,NVMe,U.2,,Enterprise,yes,medium,,,,,ssd,TLC,14016,1,yes,yes,3800
SSDPF2KX038T1,Solidigm,D7-P5520,3.84,,,NVMe,U.2,,Enterprise,yes,high,,,,,ssd,TLC,7000,1,yes,yes,3600
SSDPF2KX076T1,Solidigm,D7-P5520,7.68,,,NVMe,U.2,,Enterprise,yes,high,,,,,ssd,TLC,14000,1,yes,yes,4200
MZ7L31T9HBLT-00W07,Samsung,PM893,1.92,,,SATA,2.5,,Enterprise,yes,high,,,,,ssd,TLC,3504,1,yes,yes,
MZ7L33T8HBLT-00W07,Samsung,PM893,3.84,,,SATA,2.5,,Enterprise,yes,high,,,,,ssd,TLC,7008,1,yes,yes,
MZ7L37T6HBLA-00W07,Samsung,PM893,7.68,,,SATA,2.5,,Enterprise,yes,high,,,,,ssd,TLC,14016,1,yes,yes,
SEDC600M/960G,Kingston,DC600M,0.96,,,SATA,2.5,,Enterprise,yes,high,,,,,ssd,TLC,1752,1,yes,yes,530
SEDC600M/1920G,Kingston,DC600M,1.92,,,SATA,2.5,,Enterprise,yes,high,,,,,ssd,TLC,3504,1,yes,yes,530
SEDC600M/3840G,Kingston,DC600M,3.84,,,SATA,2.5,,Enterprise,yes,high,,,,,ssd,TLC,7008,1,yes,yes,530
SEDC600M/7680G,Kingston,DC600M,7.68,,,SATA,2.5,,Enterprise,yes,high,,,,,ssd,TLC,14016,1,yes,yes,530
MTFDDAK960TGA,Micron,5400 PRO,0.96,,,SATA,2.5,,Enterprise,yes,high,,,,,ssd,TLC,2628,1.5,yes,yes,540
MTFDDAK1T9TGA,Micron,5400 PRO,1.92,,,SATA,2.5,,Enterprise,yes,high,,,,,ssd,TLC,5256,1.5,yes,yes,540
MTFDDAK3T8TGA,Micron,5400 PRO,3.84,,,SATA,2.5,,Enterprise,yes,high,,,,,ssd,TLC,8410,1.2,yes,yes,520
MTFDDAK7T6TGA,Micron,5400 PRO,7.68,,,SATA,2.5,,Enterprise,yes,high,,,,,ssd,TLC,9110,0.65,yes,yes,520
WDS100T1R0A,WD,Red SA500,1,,,SATA,2.5,,NAS,yes,high,,,,,ssd,TLC,600,,yes,no,
WDS200T2R0A,WD,Red SA500,2,,,SATA,2.5,,NAS,yes,high,,,,,ssd,TLC,1300,,yes,no,
WDS400T2R0A,WD,Red SA500,4,,,SATA,2.5,,NAS,yes,high,,,,,ssd,TLC,2500,,yes,no,
ZA1000NM1A002,Seagate,IronWolf 125,1,,,SATA,2.5,,NAS,yes,high,,,,,ssd,TLC,1400,0.7,yes,no,
ZA2000NM1A002,Seagate,IronWolf 125,2,,,SATA,2.5,,NAS,yes,high,,,,,ssd,TLC,2800,0.7,yes,no,
ZA4000NM1A002,Seagate,IronWolf 125,4,,,SATA,2.5,,NAS,yes,high,,,,,ssd,TLC,5600,0.7,yes,no,
WDS500G1R0C,WD,Red SN700,0.5,,,NVMe,M.2,,NAS,yes,high,,,,,ssd,TLC,1000,,yes,no,
WDS100T1R0C,WD,Red SN700,1,,,NVMe,M.2,,NAS,yes,high,,,,,ssd,TLC,2000,,yes,no,
WDS200T1R0C,WD,Red SN700,2,,,NVMe,M.2,,NAS,yes,high,,,,,ssd,TLC,2500,,yes,no,
WDS400T1R0C,WD,Red SN700,4,,,NVMe,M.2,,NAS,yes,high,,,,,ssd,TLC,5100,0.7,yes,no,
ZP500NM3A002,Seagate,IronWolf 525,0.5,,,NVMe,M.2,,NAS,yes,high,,,,,ssd,TLC,700,0.7,,no,525
ZP1000NM3A002,Seagate,IronWolf 525,1,,,NVMe,M.2,,NAS,yes,high,,,,,ssd,TLC,1400,0.7,,no,995
ZP2000NM3A002,Seagate,IronWolf 525,2,,,NVMe,M.2,,NAS,yes,high,,,,,ssd,TLC,2800,0.7,,no,965
MZ-V9P1T0,Samsung,990 PRO,1,,,NVMe,M.2,,Desktop,yes,high,,,,,ssd,TLC,600,,yes,no,
MZ-V9P2T0,Samsung,990 PRO,2,,,NVMe,M.2,,Desktop,yes,high,,,,,ssd,TLC,1200,,yes,no,
MZ-V9P4T0,Samsung,990 PRO,4,,,NVMe,M.2,,Desktop,yes,medium,,,,,ssd,TLC,2400,,yes,no,
MZ-V7S1T0,Samsung,970 EVO Plus,1,,,NVMe,M.2,,Desktop,yes,high,,,,,ssd,TLC,600,,yes,no,
MZ-V7S2T0,Samsung,970 EVO Plus,2,,,NVMe,M.2,,Desktop,yes,high,,,,,ssd,TLC,1200,,yes,no,
MZ-77Q1T0,Samsung,870 QVO,1,,,SATA,2.5,,Desktop,yes,high,,,,,ssd,QLC,360,,yes,no,80
MZ-77Q2T0,Samsung,870 QVO,2,,,SATA,2.5,,Desktop,yes,high,,,,,ssd,QLC,720,,yes,no,160
MZ-77Q4T0,Samsung,870 QVO,4,,,SATA,2.5,,Desktop,yes,high,,,,,ssd,QLC,1440,,yes,no,160
MZ-77Q8T0,Samsung,870 QVO,8,,,SATA,2.5,,Desktop,yes,high,,,,,ssd,QLC,2880,,yes,no,160
CT1000P3PSSD8,Crucial,P3 Plus,1,,,NVMe,M.2,,Desktop,yes,high,,,,,ssd,QLC,220,,no,no,
CT2000P3PSSD8,Crucial,P3 Plus,2,,,NVMe,M.2,,Desktop,yes,high,,,,,ssd,QLC,440,,no,no,
CT4000P3PSSD8,Crucial,P3 Plus,4,,,NVMe,M.2,,Desktop,yes,high,,,,,ssd,QLC,800,,no,no,
SB-RKT4P-1TB,Sabrent,Rocket 4 Plus,1,,,NVMe,M.2,,Desktop,yes,high,,,,,ssd,TLC,700,,yes,no,
SB-RKT4P-2TB,Sabrent,Rocket 4 Plus,2,,,NVMe,M.2,,Desktop,yes,high,,,,,ssd,TLC,1400,,yes,no,
SB-RKT4P-4TB,Sabrent,Rocket 4 Plus,4,,,NVMe,M.2,,Desktop,yes,high,,,,,ssd,TLC,3000,,yes,no,
SB-RKT4P-8TB,Sabrent,Rocket 4 Plus,8,,,NVMe,M.2,,Desktop,yes,high,,,,,ssd,TLC,5600,,yes,no,
SB-RKT5-1TB,Sabrent,Rocket 5,1,,,NVMe,M.2,,Desktop,yes,high,,,,,ssd,TLC,700,,yes,no,
SB-RKT5-2TB,Sabrent,Rocket 5,2,,,NVMe,M.2,,Desktop,yes,high,,,,,ssd,TLC,1400,,yes,no,
SB-RKT5-4TB,Sabrent,Rocket 5,4,,,NVMe,M.2,,Desktop,yes,high,,,,,ssd,TLC,3000,,yes,no,
SBFPF2BV076T001,Solidigm,D5-P5336,7.68,,,NVMe,U.2,,Enterprise,yes,high,,,,,ssd,QLC,5900,0.42,yes,yes,1800
SBFPF2BV153T001,Solidigm,D5-P5336,15.36,,,NVMe,U.2,,Enterprise,yes,high,,,,,ssd,QLC,14100,0.51,yes,yes,3000
SBFPF2BV307T001,Solidigm,D5-P5336,30.72,,,NVMe,U.2,,Enterprise,yes,high,,,,,ssd,QLC,31500,0.56,yes,yes,3000
HAT3300-4T,Synology,Plus Series,4,5400,256,SATA,3.5,CMR,NAS,yes,high,Synology Plus Series NAS drive,23,27,0
HAT3300-6T,Synology,Plus Series,6,5400,256,SATA,3.5,CMR,NAS,yes,high,Synology Plus Series NAS drive,27,28,0
HAT3320-8T,Synology,Plus Series,8,7200,512,SATA,3.5,CMR,NAS,yes,high,Synology Plus Series NAS drive,34,35,1
HAT3310-12T,Synology,Plus Series,12,7200,512,SATA,3.5,CMR,NAS,yes,high,Synology Plus Series NAS drive,20,32,1
HAT3310-16T,Synology,Plus Series,16,7200,512,SATA,3.5,CMR,NAS,yes,high,Synology Plus Series NAS drive,20,32,1
HAT3320-20T,Synology,Plus Series,20,7200,1024,SATA,3.5,CMR,NAS,yes,high,Synology Plus Series NAS drive,20,32,1
HAT5320-4T,Synology,Enterprise Series,4,7200,512,SATA,3.5,CMR,Enterprise,yes,high,Synology Enterprise Series CMR,,,0
HAT5320-8T,Synology,Enterprise Series,8,7200,512,SATA,3.5,CMR,Enterprise,yes,high,Synology Enterprise Series CMR,,,0
HAT5300-12T,Synology,Enterprise Series,12,7200,256,SATA,3.5,CMR,Enterprise,yes,high,Synology Enterprise Series CMR,,,1
HAT5310-16T,Synology,Enterprise Series,16,7200,512,SATA,3.5,CMR,Enterprise,yes,high,Synology Enterprise Series CMR,,,1
HAT5320-20T,Synology,Enterprise Series,20,7200,1024,SATA,3.5,CMR,Enterprise,yes,high,Synology Enterprise Series CMR,,,1
HAT5320-24T,Synology,Enterprise Series,24,7200,1024,SATA,3.5,CMR,Enterprise,yes,high,Synology Enterprise Series CMR,,,1
SNV3410-400G,Synology,SNV3410,0.4,,,NVMe,M.2,,NAS,yes,high,NVMe cache SSD (M.2 2280) PCIe 3.0; no PLP,,,,ssd,TLC,491,0.67,,no,
SNV3410-800G,Synology,SNV3410,0.8,,,NVMe,M.2,,NAS,yes,high,NVMe cache SSD (M.2 2280) PCIe 3.0; no PLP,,,,ssd,TLC,1022,0.70,,no,
SNV3510-400G,Synology,SNV3510,0.4,,,NVMe,M.2,,NAS,yes,high,NVMe cache SSD (M.2 22110) PCIe 3.0; PLP,,,,ssd,TLC,491,0.67,,yes,
SNV3510-800G,Synology,SNV3510,0.8,,,NVMe,M.2,,NAS,yes,high,NVMe cache SSD (M.2 22110) PCIe 3.0; PLP,,,,ssd,TLC,1022,0.70,,yes,
WDS100T2X0E,WD,Black SN850X,1,,,NVMe,M.2,,Desktop,yes,high,,,,,ssd,TLC,600,,yes,no,
WDS200T2X0E,WD,Black SN850X,2,,,NVMe,M.2,,Desktop,yes,high,,,,,ssd,TLC,1200,,yes,no,
WDS400T2X0E,WD,Black SN850X,4,,,NVMe,M.2,,Desktop,yes,high,,,,,ssd,TLC,2400,,yes,no,
CT1000T500SSD8,Crucial,T500,1,,,NVMe,M.2,,Desktop,yes,high,,,,,ssd,TLC,600,,yes,no,
CT2000T500SSD8,Crucial,T500,2,,,NVMe,M.2,,Desktop,yes,high,,,,,ssd,TLC,1200,,yes,no,
SKC3000S/1024G,Kingston,KC3000,1,,,NVMe,M.2,,Desktop,yes,high,,,,,ssd,TLC,800,,yes,no,
SKC3000D/2048G,Kingston,KC3000,2,,,NVMe,M.2,,Desktop,yes,high,,,,,ssd,TLC,1600,,yes,no,
SKC3000D/4096G,Kingston,KC3000,4,,,NVMe,M.2,,Desktop,yes,high,,,,,ssd,TLC,3200,,yes,no,
MZ-VAP1T0BW,Samsung,9100 PRO,1,,,NVMe,M.2,,Desktop,yes,high,,,,,ssd,TLC,600,,yes,no,
MZ-VAP2T0BW,Samsung,9100 PRO,2,,,NVMe,M.2,,Desktop,yes,high,,,,,ssd,TLC,1200,,yes,no,
MZ-VAP4T0BW,Samsung,9100 PRO,4,,,NVMe,M.2,,Desktop,yes,high,,,,,ssd,TLC,2400,,yes,no,
WDS100T4X0E,WD,Black SN7100,1,,,NVMe,M.2,,Desktop,yes,high,,,,,ssd,TLC,600,,no,no,
WDS200T4X0E,WD,Black SN7100,2,,,NVMe,M.2,,Desktop,yes,high,,,,,ssd,TLC,1200,,no,no,
WDS400T4X0E,WD,Black SN7100,4,,,NVMe,M.2,,Desktop,yes,high,,,,,ssd,TLC,2400,,no,no,
LNM790X001T-RNNNU,Lexar,NM790,1,,,NVMe,M.2,,Desktop,yes,high,,,,,ssd,TLC,1000,,no,no,
LNM790X002T-RNNNU,Lexar,NM790,2,,,NVMe,M.2,,Desktop,yes,high,,,,,ssd,TLC,1500,,no,no,
LNM790X004T-RNNNU,Lexar,NM790,4,,,NVMe,M.2,,Desktop,yes,high,,,,,ssd,TLC,3000,,no,no,
CT1000T705SSD3,Crucial,T705,1,,,NVMe,M.2,,Desktop,yes,high,,,,,ssd,TLC,600,,yes,no,
CT2000T705SSD3,Crucial,T705,2,,,NVMe,M.2,,Desktop,yes,high,,,,,ssd,TLC,1200,,yes,no,
CT4000T705SSD3,Crucial,T705,4,,,NVMe,M.2,,Desktop,yes,high,,,,,ssd,TLC,2400,,yes,no,
CT1000P510SSD1,Crucial,P510,1,,,NVMe,M.2,,Desktop,yes,high,DRAM-less (HMB) Phison E31T; budget PCIe 5.0,,,,ssd,TLC,600,,no,no,
CT2000P510SSD1,Crucial,P510,2,,,NVMe,M.2,,Desktop,yes,high,DRAM-less (HMB) Phison E31T; budget PCIe 5.0,,,,ssd,TLC,1200,,no,no,7000
CSSD-F1000GBMP700ENH,Corsair,MP700 Elite,1,,,NVMe,M.2,,Desktop,yes,high,DRAM-less (HMB) Phison E31T; Kioxia BiCS8 TLC; budget PCIe 5.0,,,,ssd,TLC,600,,no,no,
CSSD-F2000GBMP700ENH,Corsair,MP700 Elite,2,,,NVMe,M.2,,Desktop,yes,high,DRAM-less (HMB) Phison E31T; Kioxia BiCS8 TLC; budget PCIe 5.0,,,,ssd,TLC,1200,,no,no,
WDS100T4B0E,WD,Blue SN5000,1,,,NVMe,M.2,,Desktop,yes,high,,,,,ssd,TLC,600,,no,no,
WDS200T4B0E,WD,Blue SN5000,2,,,NVMe,M.2,,Desktop,yes,high,,,,,ssd,TLC,900,,no,no,
WDS400T4B0E,WD,Blue SN5000,4,,,NVMe,M.2,,Desktop,yes,high,,,,,ssd,QLC,1200,,no,no,
MZ-V9S1T0BW,Samsung,990 EVO Plus,1,,,NVMe,M.2,,Desktop,yes,high,,,,,ssd,TLC,600,,no,no,
MZ-V9S2T0BW,Samsung,990 EVO Plus,2,,,NVMe,M.2,,Desktop,yes,high,,,,,ssd,TLC,1200,,no,no,
MZ-V9S4T0BW,Samsung,990 EVO Plus,4,,,NVMe,M.2,,Desktop,yes,high,,,,,ssd,TLC,2400,,no,no,
ZP1000GM3A063,Seagate,FireCuda 530R,1,,,NVMe,M.2,,Desktop,yes,high,,,,,ssd,TLC,1100,,yes,no,
ZP2000GM3A063,Seagate,FireCuda 530R,2,,,NVMe,M.2,,Desktop,yes,high,,,,,ssd,TLC,2400,,yes,no,
ZP4000GM3A063,Seagate,FireCuda 530R,4,,,NVMe,M.2,,Desktop,yes,high,,,,,ssd,TLC,5050,,yes,no,
MZ-V8P1T0BW,Samsung,980 PRO,1,,,NVMe,M.2,,Desktop,yes,high,,,,,ssd,TLC,600,,yes,no,
SFYRS/1000G,Kingston,Fury Renegade,1,,,NVMe,M.2,,Desktop,yes,high,,,,,ssd,TLC,1000,,yes,no,
SFYRD/4000G,Kingston,Fury Renegade,4,,,NVMe,M.2,,Desktop,yes,high,,,,,ssd,TLC,4000,,yes,no,
SSDPFKKW010X7X1,Solidigm,P44 Pro,1,,,NVMe,M.2,,Desktop,yes,high,,,,,ssd,TLC,700,,yes,no,
SNV3S/1000G,Kingston,NV3,1,,,NVMe,M.2,,Desktop,yes,high,,,,,ssd,TLC,320,,no,no,
SNV3S/2000G,Kingston,NV3,2,,,NVMe,M.2,,Desktop,yes,high,,,,,ssd,TLC,640,,no,no,
SNV3S/4000G,Kingston,NV3,4,,,NVMe,M.2,,Desktop,yes,high,,,,,ssd,TLC,1280,,no,no,
WDS100T3X0E,WD,Black SN770,1,,,NVMe,M.2,,Desktop,yes,high,,,,,ssd,TLC,600,,no,no,
WDS200T3X0E,WD,Black SN770,2,,,NVMe,M.2,,Desktop,yes,high,,,,,ssd,TLC,1200,,no,no,
WDS100T1X0M,WD,Black SN8100,1,,,NVMe,M.2,,Desktop,yes,high,,,,,ssd,TLC,600,,yes,no,
WDS200T1X0M,WD,Black SN8100,2,,,NVMe,M.2,,Desktop,yes,high,,,,,ssd,TLC,1200,,yes,no,
WDS400T1X0M,WD,Black SN8100,4,,,NVMe,M.2,,Desktop,yes,high,,,,,ssd,TLC,2400,,yes,no,
WDS800T1X0M,WD,Black SN8100,8,,,NVMe,M.2,,Desktop,yes,high,,,,,ssd,TLC,4800,,yes,no,
