model,brand,line,capacity_tb,rpm,cache_mb,interface,form_factor,recording_tech,acoustic_idle_db,acoustic_seek_db,is_helium,drive_class,media_type,nand_type,tbw_tb,dwpd,has_dram,has_plp,sustained_write_mbps,in_production,also_sold_as,afr_pct,reliability_drive_count,reliability_drive_days,reliability_failures,reliability_source
SBFPF2BV307T001,Solidigm,D5-P5336,30.72,,,NVMe,U.2,,,,,Enterprise,ssd,QLC,31500,0.56,1,1,3000,1,,,,,,
WUH722626ALE6L4,WD,"Ultrastar DC HC590",26,7200,512,SATA,3.5,cmr,20,36,1,Enterprise,hdd,,,,,,,1,,0.84,6958,736527,17,"Backblaze thru Q2 2026"
ST24000NM002H,Seagate,"Exos X24",24,7200,512,SATA,3.5,cmr,30,34,1,Enterprise,hdd,,,,,,,1,,3.04,9482,3622687,302,"Backblaze thru Q2 2026"
ST24000NT002,Seagate,"IronWolf Pro",24,7200,512,SATA,3.5,cmr,28,32,1,NAS-Pro,hdd,,,,,,,1,,,,,,
ST24000VE002,Seagate,"SkyHawk AI",24,7200,512,SATA,3.5,cmr,,,1,Surveillance,hdd,,,,,,,1,,,,,,
HAT5320-24T,Synology,"Enterprise Series",24,7200,1024,SATA,3.5,cmr,,,1,Enterprise,hdd,,,,,,,1,,,,,,
MG11ACA24TE,Toshiba,MG11,24,7200,512,SATA,3.5,cmr,20,,1,Enterprise,hdd,,,,,,,1,,0.5,9597,1694377,23,"Backblaze thru Q2 2026"
WD241KFGX,WD,"Red Pro",24,7200,512,SATA,3.5,cmr,25,32,1,NAS-Pro,hdd,,,,,,,1,WD240KFGX,,,,,
WD241KRYZ,WD,Gold,24,7200,512,SATA,3.5,cmr,20,32,1,Enterprise,hdd,,,,,,,0,,,,,,
WD242KRYZ,WD,Gold,24,7200,512,SATA,3.5,cmr,20,32,1,Enterprise,hdd,,,,,,,1,,,,,,
WUH722424ALE6L4,WD,"Ultrastar DC HC580",24,7200,512,SATA,3.5,cmr,20,36,1,Enterprise,hdd,,,,,,,1,,,,,,
ST22000NM001E,Seagate,"Exos X22",22,7200,512,SATA,3.5,cmr,29,33,1,Enterprise,hdd,,,,,,,1,,,,,,
ST22000NT001,Seagate,"IronWolf Pro",22,7200,512,SATA,3.5,cmr,28,32,1,NAS-Pro,hdd,,,,,,,1,,,,,,
MG10AFA22TE,Toshiba,MG10,22,7200,512,SATA,3.5,cmr,20,,1,Enterprise,hdd,,,,,,,1,,,,,,
WD221KFGX,WD,"Red Pro",22,7200,512,SATA,3.5,cmr,20,36,1,NAS-Pro,hdd,,,,,,,1,,,,,,
WD221KRYZ,WD,Gold,22,7200,512,SATA,3.5,cmr,20,32,1,Enterprise,hdd,,,,,,,1,,,,,,
WD221PURP,WD,"Purple Pro",22,7200,512,SATA,3.5,cmr,20,32,1,Surveillance,hdd,,,,,,,1,,,,,,
WUH722222ALE6L4,WD,"Ultrastar DC HC570",22,7200,512,SATA,3.5,cmr,20,36,1,Enterprise,hdd,,,,,,,1,,0.47,45556,21752160,282,"Backblaze thru Q2 2026"
ST20000NM007D,Seagate,"Exos X20",20,7200,256,SATA,3.5,cmr,29,33,1,Enterprise,hdd,,,,,,,1,,,,,,
ST20000NT001,Seagate,"IronWolf Pro",20,7200,256,SATA,3.5,cmr,28,32,1,NAS-Pro,hdd,,,,,,,1,,,,,,
ST20000VE002,Seagate,"SkyHawk AI",20,7200,512,SATA,3.5,cmr,,,1,Surveillance,hdd,,,,,,,1,,,,,,
HAT3320-20T,Synology,"Plus Series",20,7200,1024,SATA,3.5,cmr,20,32,1,NAS,hdd,,,,,,,1,,,,,,
HAT5320-20T,Synology,"Enterprise Series",20,7200,1024,SATA,3.5,cmr,,,1,Enterprise,hdd,,,,,,,1,,,,,,
MG10ACA20TE,Toshiba,MG10,20,7200,512,SATA,3.5,cmr,20,,1,Enterprise,hdd,,,,,,,1,,0.78,25171,8692166,186,"Backblaze thru Q2 2026"
WD201KFGX,WD,"Red Pro",20,7200,512,SATA,3.5,cmr,20,36,1,NAS-Pro,hdd,,,,,,,1,,,,,,
WD202KRYZ,WD,Gold,20,7200,512,SATA,3.5,cmr,20,32,1,Enterprise,hdd,,,,,,,1,,,,,,
WUH722020BLE6L4,WD,"Ultrastar DC HC560",20,7200,512,SATA,3.5,cmr,20,36,1,Enterprise,hdd,,,,,,,1,,,,,,
ST18000NM000J,Seagate,"Exos X18",18,7200,256,SATA,3.5,cmr,29,33,1,Enterprise,hdd,,,,,,,1,,,,,,
ST18000NM004J,Seagate,"Exos X18",18,7200,256,SAS,3.5,cmr,29,33,1,Enterprise,hdd,,,,,,,1,,,,,,
ST18000NT001,Seagate,"IronWolf Pro",18,7200,256,SATA,3.5,cmr,28,32,1,NAS-Pro,hdd,,,,,,,1,,,,,,
ST18000VE002,Seagate,"SkyHawk AI",18,7200,256,SATA,3.5,cmr,,,1,Surveillance,hdd,,,,,,,1,,,,,,
HDWG180,Toshiba,N300,18,7200,512,SATA,3.5,cmr,20,,1,NAS,hdd,,,,,,,1,HDWG180UZSVA;HDWG180XZSTA,,,,,
MG09ACA18TE,Toshiba,MG09,18,7200,512,SATA,3.5,cmr,20,,1,Enterprise,hdd,,,,,,,1,,,,,,
MG09SCA18TE,Toshiba,MG09,18,7200,512,SAS,3.5,cmr,20,,1,Enterprise,hdd,,,,,,,1,,,,,,
WD181KFGX,WD,"Red Pro",18,7200,512,SATA,3.5,cmr,20,36,1,NAS-Pro,hdd,,,,,,,1,,,,,,
WD181KRYZ,WD,Gold,18,7200,512,SATA,3.5,cmr,20,32,1,Enterprise,hdd,,,,,,,1,,,,,,
WD181PURP,WD,"Purple Pro",18,7200,512,SATA,3.5,cmr,20,32,1,Surveillance,hdd,,,,,,,1,,,,,,
WUH721818ALE6L4,WD,"Ultrastar DC HC550",18,7200,512,SATA,3.5,cmr,20,36,1,Enterprise,hdd,,,,,,,1,,,,,,
ST16000NM000J,Seagate,"Exos X18",16,7200,256,SATA,3.5,cmr,,,1,Enterprise,hdd,,,,,,,1,ST16000NM002J,0.72,463,252603,5,"Backblaze thru Q2 2026 (merged ST16000NM002J)"
ST16000NM001G,Seagate,"Exos X16",16,7200,256,SATA,3.5,cmr,29,33,1,Enterprise,hdd,,,,,,,1,,0.55,34998,18641911,283,"Backblaze thru Q2 2026"
ST16000NM002G,Seagate,"Exos X16",16,7200,256,SAS,3.5,cmr,29,33,1,Enterprise,hdd,,,,,,,1,,,,,,
ST16000NT001,Seagate,"IronWolf Pro",16,7200,256,SATA,3.5,cmr,28,32,1,NAS-Pro,hdd,,,,,,,1,,,,,,
ST16000VE002,Seagate,"SkyHawk AI",16,7200,256,SATA,3.5,cmr,,,1,Surveillance,hdd,,,,,,,1,,,,,,
HAT3310-16T,Synology,"Plus Series",16,7200,512,SATA,3.5,cmr,20,32,1,NAS,hdd,,,,,,,1,,,,,,
HAT5310-16T,Synology,"Enterprise Series",16,7200,512,SATA,3.5,cmr,,,1,Enterprise,hdd,,,,,,,1,,,,,,
HDWG51G,Toshiba,N300,16,7200,512,SATA,3.5,cmr,20,,1,NAS,hdd,,,,,,,1,HDWG51E;HDWG51GUZSVA,,,,,
MG08ACA16Tx,Toshiba,MG08,16,7200,512,SATA,3.5,cmr,20,,1,Enterprise,hdd,,,,,,,1,MG08ACA16TA;MG08ACA16TE;MG08ACA16TEY,1.41,50539,27815007,1072,"Backblaze thru Q2 2026 (merged MG08ACA16TA + MG08ACA16TE + MG08ACA16TEY)"
MG09ACA16TE,Toshiba,MG09,16,7200,512,SATA,3.5,cmr,20,,1,Enterprise,hdd,,,,,,,1,,1.3,893,168744,6,"Backblaze thru Q2 2026"
WD161KFGX,WD,"Red Pro",16,7200,512,SATA,3.5,cmr,20,36,1,NAS-Pro,hdd,,,,,,,1,,,,,,
WD161KRYZ,WD,Gold,16,7200,512,SATA,3.5,cmr,20,32,1,Enterprise,hdd,,,,,,,1,,,,,,
WUH721816ALE6Lx,WD,"Ultrastar DC HC550",16,7200,512,SATA,3.5,cmr,20,36,1,Enterprise,hdd,,,,,,,1,WUH721816ALE6L0;WUH721816ALE6L4,0.98,29680,16136156,435,"Backblaze thru Q2 2026 (merged WUH721816ALE6L0 + WUH721816ALE6L4)"
SBFPF2BV153T001,Solidigm,D5-P5336,15.36,,,NVMe,U.2,,,,,Enterprise,ssd,QLC,14100,0.51,1,1,3000,1,,,,,,
ST14000NM000J,Seagate,"Exos X18",14,7200,256,SATA,3.5,cmr,,,1,Enterprise,hdd,,,,,,,0,,1.48,496,197720,8,"Backblaze thru Q2 2026"
ST14000NM0018,Seagate,"Exos X14",14,7200,256,SATA,3.5,cmr,,,1,Enterprise,hdd,,,,,,,0,ST14000NM0138,5.72,1211,689230,108,"Backblaze thru Q2 2026 (merged ST14000NM0138)"
ST14000NM001G,Seagate,"Exos X16",14,7200,256,SATA,3.5,cmr,29,33,1,Enterprise,hdd,,,,,,,1,,1.28,10455,5743412,202,"Backblaze thru Q2 2026"
ST14000NT001,Seagate,"IronWolf Pro",14,7200,256,SATA,3.5,cmr,28,32,1,NAS-Pro,hdd,,,,,,,1,,,,,,
HDWG31G,Toshiba,N300,14,7200,256,SATA,3.5,cmr,20,,1,NAS,hdd,,,,,,,1,HDWG31GUZSVA,,,,,
HDWR31G,Toshiba,X300,14,7200,256,SATA,3.5,cmr,20,,1,Desktop,hdd,,,,,,,1,,,,,,
MG07ACA14TE,Toshiba,MG07,14,7200,256,SATA,3.5,cmr,20,,1,Enterprise,hdd,,,,,,,1,MG07ACA14TA;MG07ACA14TEY,1.29,37907,20869630,736,"Backblaze thru Q2 2026 (merged MG07ACA14TA + MG07ACA14TEY)"
MG07SCA14TE,Toshiba,MG07,14,7200,256,SAS,3.5,cmr,20,,1,Enterprise,hdd,,,,,,,1,,,,,,
WD140EFGX,WD,"Red Plus",14,7200,512,SATA,3.5,cmr,24,28,1,NAS,hdd,,,,,,,1,,,,,,
WD141PURP,WD,"Purple Pro",14,7200,512,SATA,3.5,cmr,20,32,1,Surveillance,hdd,,,,,,,1,,,,,,
WD142KFGX,WD,"Red Pro",14,7200,512,SATA,3.5,cmr,20,36,1,NAS-Pro,hdd,,,,,,,1,,,,,,
WD142KRYZ,WD,Gold,14,7200,512,SATA,3.5,cmr,20,32,1,Enterprise,hdd,,,,,,,1,,,,,,
WUH721414AL5204,WD,"Ultrastar DC HC530",14,7200,512,SAS,3.5,cmr,20,36,1,Enterprise,hdd,,,,,,,1,,,,,,
WUH721414ALE6L4,WD,"Ultrastar DC HC530",14,7200,512,SATA,3.5,cmr,20,36,1,Enterprise,hdd,,,,,,,1,,0.78,8548,4701165,100,"Backblaze thru Q2 2026"
ST12000NM0007,Seagate,"Exos X12",12,7200,256,SATA,3.5,cmr,,,1,Enterprise,hdd,,,,,,,0,,5.12,957,541543,76,"Backblaze thru Q2 2026"
ST12000NM0008,Seagate,"Exos X14",12,7200,256,SATA,3.5,cmr,,,1,Enterprise,hdd,,,,,,,0,,2.72,18363,10212727,760,"Backblaze thru Q2 2026"
ST12000NM000J,Seagate,"Exos X18",12,7200,256,SATA,3.5,cmr,,,1,Enterprise,hdd,,,,,,,0,,0.34,1079,542215,5,"Backblaze thru Q2 2026"
ST12000NM001G,Seagate,"Exos X16",12,7200,256,SATA,3.5,cmr,29,33,1,Enterprise,hdd,,,,,,,1,,1.03,13072,7197315,204,"Backblaze thru Q2 2026"
ST12000NT001,Seagate,"IronWolf Pro",12,7200,256,SATA,3.5,cmr,28,32,1,NAS-Pro,hdd,,,,,,,1,,,,,,
ST12000VE001,Seagate,"SkyHawk AI",12,7200,256,SATA,3.5,cmr,,,1,Surveillance,hdd,,,,,,,0,,,,,,
ST12000VE003,Seagate,"SkyHawk AI",12,7200,512,SATA,3.5,cmr,,,1,Surveillance,hdd,,,,,,,1,,,,,,
ST12000VN0008,Seagate,IronWolf,12,7200,256,SATA,3.5,cmr,,,1,NAS,hdd,,,,,,,1,,,,,,
HAT3310-12T,Synology,"Plus Series",12,7200,512,SATA,3.5,cmr,20,32,1,NAS,hdd,,,,,,,1,,,,,,
HAT5300-12T,Synology,"Enterprise Series",12,7200,256,SATA,3.5,cmr,,,1,Enterprise,hdd,,,,,,,1,,,,,,
HDWG21C,Toshiba,N300,12,7200,256,SATA,3.5,cmr,20,,1,NAS,hdd,,,,,,,1,HDWG21CEZSTA;HDWG21CUZSVA,,,,,
HDWR21C,Toshiba,X300,12,7200,256,SATA,3.5,cmr,20,,1,Desktop,hdd,,,,,,,1,HDWR21CUZSVA;HDWR21CXZSTA,,,,,
MG07ACA12TE,Toshiba,MG07,12,7200,256,SATA,3.5,cmr,20,,1,Enterprise,hdd,,,,,,,1,MG07ACA12TEY,,,,,
HUH721212ALE604,WD,"Ultrastar DC HC520",12,7200,256,SATA,3.5,cmr,20,36,1,Enterprise,hdd,,,,,,,1,HUH721212ALE600;HUH721212ALN604,3.27,25045,14009178,1255,"Backblaze thru Q2 2026 (merged HUH721212ALE600 + HUH721212ALE604 + HUH721212ALN604)"
WD120EFBX,WD,"Red Plus",12,7200,256,SATA,3.5,cmr,24,28,1,NAS,hdd,,,,,,,1,,,,,,
WD121KFBX,WD,"Red Pro",12,7200,256,SATA,3.5,cmr,20,36,1,NAS-Pro,hdd,,,,,,,1,,,,,,
WD121KRYZ,WD,Gold,12,7200,256,SATA,3.5,cmr,20,32,1,Enterprise,hdd,,,,,,,1,,,,,,
WD121PURP,WD,"Purple Pro",12,7200,256,SATA,3.5,cmr,20,32,1,Surveillance,hdd,,,,,,,1,,,,,,
ST10000NM0086,Seagate,"Exos X10",10,7200,256,SATA,3.5,cmr,,,1,Enterprise,hdd,,,,,,,0,,6.15,936,540219,91,"Backblaze thru Q2 2026"
ST10000NM019B,Seagate,"Exos 7E10",10,7200,256,SATA,3.5,cmr,28,32,0,Enterprise,hdd,,,,,,,1,,,,,,
ST10000NT001,Seagate,"IronWolf Pro",10,7200,256,SATA,3.5,cmr,28,32,1,NAS-Pro,hdd,,,,,,,1,,,,,,
ST10000VN000,Seagate,IronWolf,10,7200,256,SATA,3.5,cmr,,,1,NAS,hdd,,,,,,,1,,,,,,
HDWG11A,Toshiba,N300,10,7200,256,SATA,3.5,cmr,20,,0,NAS,hdd,,,,,,,1,HDWG11AEZSTA;HDWG11AUZSVA,,,,,
HDWR11A,Toshiba,X300,10,7200,256,SATA,3.5,cmr,20,,0,Desktop,hdd,,,,,,,1,HDWR11AUZSVA;HDWR11AXZSTA,,,,,
MG06ACA10TE,Toshiba,MG06,10,7200,256,SATA,3.5,cmr,,,0,Enterprise,hdd,,,,,,,1,MG06ACA10TEY,,,,,
WD100EFGX,WD,Red,10,7200,256,SATA,3.5,cmr,24,28,1,NAS,hdd,,,,,,,0,,,,,,
WD101EFBX,WD,"Red Plus",10,7200,256,SATA,3.5,cmr,24,28,1,NAS,hdd,,,,,,,1,,,,,,
WD101PURP,WD,"Purple Pro",10,7200,256,SATA,3.5,cmr,20,32,1,Surveillance,hdd,,,,,,,1,,,,,,
WD102KFBX,WD,"Red Pro",10,7200,256,SATA,3.5,cmr,20,36,1,NAS-Pro,hdd,,,,,,,1,,,,,,
WD102KRYZ,WD,Gold,10,7200,256,SATA,3.5,cmr,20,32,1,Enterprise,hdd,,,,,,,1,,,,,,
WUS721010ALE6L4,WD,"Ultrastar DC HC330",10,7200,256,SATA,3.5,cmr,,,0,Enterprise,hdd,,,,,,,1,,,,,,
SB-RKT4P-8TB,Sabrent,"Rocket 4 Plus",8,,,NVMe,M.2,,,,,Desktop,ssd,TLC,5600,,1,0,,1,,,,,,
MZ-77Q8T0,Samsung,"870 QVO",8,,,SATA,2.5,,,,,Desktop,ssd,QLC,2880,,1,0,160,1,,,,,,
ST8000DM002,Seagate,BarraCuda,8,7200,256,SATA,3.5,cmr,,,0,Desktop,hdd,,,,,,,0,,1.78,5968,4479333,219,"Backblaze thru Q2 2026"
ST8000DM004,Seagate,BarraCuda,8,5400,256,SATA,3.5,smr,22,24,0,Desktop,hdd,,,,,,,1,,,,,,
ST8000NM000A,Seagate,"Exos 7E8",8,7200,256,SATA,3.5,cmr,28,32,0,Enterprise,hdd,,,,,,,1,,,,,,
ST8000NM0055,Seagate,"Enterprise Capacity V5",8,7200,256,SATA,3.5,cmr,,,0,Enterprise,hdd,,,,,,,0,,2.23,12874,7224396,442,"Backblaze thru Q2 2026"
ST8000NM017B,Seagate,"Exos 7E10",8,7200,256,SATA,3.5,cmr,28,32,0,Enterprise,hdd,,,,,,,1,,,,,,
ST8000NM018B,Seagate,"Exos 7E10",8,7200,256,SAS,3.5,cmr,28,32,0,Enterprise,hdd,,,,,,,1,,,,,,
ST8000NT001,Seagate,"IronWolf Pro",8,7200,256,SATA,3.5,cmr,28,32,0,NAS-Pro,hdd,,,,,,,1,,,,,,
ST8000VE001,Seagate,"SkyHawk AI",8,7200,256,SATA,3.5,cmr,,,0,Surveillance,hdd,,,,,,,1,,,,,,
ST8000VN004,Seagate,IronWolf,8,7200,256,SATA,3.5,cmr,,,0,NAS,hdd,,,,,,,1,,,,,,
ST8000VX010,Seagate,SkyHawk,8,7200,256,SATA,3.5,cmr,26,27,0,Surveillance,hdd,,,,,,,1,,,,,,
HAT3320-8T,Synology,"Plus Series",8,7200,512,SATA,3.5,cmr,34,35,1,NAS,hdd,,,,,,,1,,,,,,
HAT5320-8T,Synology,"Enterprise Series",8,7200,512,SATA,3.5,cmr,,,0,Enterprise,hdd,,,,,,,1,,,,,,
HDWG480,Toshiba,N300,8,7200,256,SATA,3.5,cmr,20,,0,NAS,hdd,,,,,,,1,HDWG480EZSTA;HDWG480UZSVA;HDWG480XZSTA,,,,,
HDWR480,Toshiba,X300,8,7200,256,SATA,3.5,cmr,20,,0,Desktop,hdd,,,,,,,1,HDWR480EZSTA;HDWR480UZSVA;HDWR480XZSTA,,,,,
MG06ACA800E,Toshiba,MG06,8,7200,256,SATA,3.5,cmr,,,0,Enterprise,hdd,,,,,,,1,,,,,,
HUH728080ALE604,WD,"Ultrastar He8",8,7200,128,SATA,3.5,cmr,,,1,Enterprise,hdd,,,,,,,0,HUH728080ALE600,2.93,103,485752,39,"Backblaze thru Q2 2026 (merged HUH728080ALE600)"
HUS728T8TALE6L4,WD,"Ultrastar DC HC320",8,7200,256,SATA,3.5,cmr,,,0,Enterprise,hdd,,,,,,,1,,,,,,
WD8001PURP,WD,"Purple Pro",8,7200,256,SATA,3.5,cmr,20,32,0,Surveillance,hdd,,,,,,,1,,,,,,
WD8004FRYZ,WD,Gold,8,7200,256,SATA,3.5,cmr,20,32,0,Enterprise,hdd,,,,,,,1,,,,,,
WD8005FFBX,WD,"Red Pro",8,7200,256,SATA,3.5,cmr,20,36,0,NAS-Pro,hdd,,,,,,,1,,,,,,
WD80EFAX,WD,Red,8,5640,256,SATA,3.5,cmr,24,28,0,NAS,hdd,,,,,,,0,,,,,,
WD80EFPX,WD,"Red Plus",8,5640,256,SATA,3.5,cmr,24,28,0,NAS,hdd,,,,,,,1,,,,,,
WD80EFZZ,WD,"Red Plus",8,5640,256,SATA,3.5,cmr,24,28,0,NAS,hdd,,,,,,,1,,,,,,
WDS800T1X0M,WD,"Black SN8100",8,,,NVMe,M.2,,,,,Desktop,ssd,TLC,4800,,1,0,,1,,,,,,
SEDC600M/7680G,Kingston,DC600M,7.68,,,SATA,2.5,,,,,Enterprise,ssd,TLC,14016,1,1,1,530,1,,,,,,
KCD8XRUG7T68,Kioxia,CD8-R,7.68,,,NVMe,U.2,,,,,Enterprise,ssd,TLC,14016,1,1,1,3800,1,,,,,,
MTFDDAK7T6TGA,Micron,"5400 PRO",7.68,,,SATA,2.5,,,,,Enterprise,ssd,TLC,9110,0.65,1,1,520,1,,,,,,
MTFDKCC7T6TFR,Micron,"7450 PRO",7.68,,,NVMe,U.3,,,,,Enterprise,ssd,TLC,14000,1,1,1,5600,1,,,,,,
MZ7L37T6HBLA-00W07,Samsung,PM893,7.68,,,SATA,2.5,,,,,Enterprise,ssd,TLC,14016,1,1,1,,1,,,,,,
MZQL27T6HBLA-00A07,Samsung,PM9A3,7.68,,,NVMe,U.2,,,,,Enterprise,ssd,TLC,14016,1,1,1,,1,,,,,,
SBFPF2BV076T001,Solidigm,D5-P5336,7.68,,,NVMe,U.2,,,,,Enterprise,ssd,QLC,5900,0.42,1,1,1800,1,,,,,,
SSDPF2KX076T1,Solidigm,D7-P5520,7.68,,,NVMe,U.2,,,,,Enterprise,ssd,TLC,14000,1,1,1,4200,1,,,,,,
MTFDKCC6T4TFS,Micron,"7450 MAX",6.4,,,NVMe,U.3,,,,,Enterprise,ssd,TLC,35000,3,1,1,5600,1,,,,,,
ST6000DM003,Seagate,BarraCuda,6,5400,256,SATA,3.5,smr,22,24,0,Desktop,hdd,,,,,,,1,,,,,,
ST6000NT001,Seagate,"IronWolf Pro",6,7200,256,SATA,3.5,cmr,28,32,0,NAS-Pro,hdd,,,,,,,1,,,,,,
ST6000VN006,Seagate,IronWolf,6,5400,256,SATA,3.5,cmr,,,0,NAS,hdd,,,,,,,1,,,,,,
ST6000VX009,Seagate,SkyHawk,6,5400,256,SATA,3.5,cmr,26,27,0,Surveillance,hdd,,,,,,,1,,,,,,
HAT3300-6T,Synology,"Plus Series",6,5400,256,SATA,3.5,cmr,27,28,0,NAS,hdd,,,,,,,1,,,,,,
DT02ABA600,Toshiba,DT02,6,5400,128,SATA,3.5,smr,,,0,Desktop,hdd,,,,,,,1,,,,,,
HDWD260,Toshiba,P300,6,5400,128,SATA,3.5,smr,22,,0,Desktop,hdd,,,,,,,1,HDWD260EZSTA;HDWD260UZSVA,,,,,
HDWG460,Toshiba,N300,6,7200,256,SATA,3.5,cmr,20,,0,NAS,hdd,,,,,,,1,HDWG460EZSTA;HDWG460UZSVA,,,,,
HDWR460,Toshiba,X300,6,7200,256,SATA,3.5,cmr,20,,0,Desktop,hdd,,,,,,,1,HDWR460UZSVA,,,,,
MG06ACA600E,Toshiba,MG06,6,7200,256,SATA,3.5,cmr,,,0,Enterprise,hdd,,,,,,,1,,,,,,
WD6004FRYZ,WD,Gold,6,7200,256,SATA,3.5,cmr,20,32,0,Enterprise,hdd,,,,,,,1,,,,,,
WD6005FFBX,WD,"Red Pro",6,7200,256,SATA,3.5,cmr,20,36,0,NAS-Pro,hdd,,,,,,,1,,,,,,
WD60EFAX,WD,Red,6,5400,256,SATA,3.5,smr,23,29,0,NAS,hdd,,,,,,,1,,,,,,
WD60EFPX,WD,"Red Plus",6,5400,256,SATA,3.5,cmr,24,28,0,NAS,hdd,,,,,,,1,,,,,,
WD60EZAX,WD,Blue,6,5400,256,SATA,3.5,cmr,23,27,0,Desktop,hdd,,,,,,,1,,,,,,
WD60EZAZ,WD,Blue,6,5400,256,SATA,3.5,smr,23,27,0,Desktop,hdd,,,,,,,1,,,,,,
CT4000P3PSSD8,Crucial,"P3 Plus",4,,,NVMe,M.2,,,,,Desktop,ssd,QLC,800,,0,0,,1,,,,,,
CT4000T705SSD3,Crucial,T705,4,,,NVMe,M.2,,,,,Desktop,ssd,TLC,2400,,1,0,,1,,,,,,
SFYRD/4000G,Kingston,"Fury Renegade",4,,,NVMe,M.2,,,,,Desktop,ssd,TLC,4000,,1,0,,1,,,,,,
SKC3000D/4096G,Kingston,KC3000,4,,,NVMe,M.2,,,,,Desktop,ssd,TLC,3200,,1,0,,1,,,,,,
SNV3S/4000G,Kingston,NV3,4,,,NVMe,M.2,,,,,Desktop,ssd,TLC,1280,,0,0,,1,,,,,,
LNM790X004T-RNNNU,Lexar,NM790,4,,,NVMe,M.2,,,,,Desktop,ssd,TLC,3000,,0,0,,1,,,,,,
SB-RKT4P-4TB,Sabrent,"Rocket 4 Plus",4,,,NVMe,M.2,,,,,Desktop,ssd,TLC,3000,,1,0,,1,,,,,,
SB-RKT5-4TB,Sabrent,"Rocket 5",4,,,NVMe,M.2,,,,,Desktop,ssd,TLC,3000,,1,0,,1,,,,,,
MZ-77Q4T0,Samsung,"870 QVO",4,,,SATA,2.5,,,,,Desktop,ssd,QLC,1440,,1,0,160,1,,,,,,
MZ-V9P4T0,Samsung,"990 PRO",4,,,NVMe,M.2,,,,,Desktop,ssd,TLC,2400,,1,0,,1,,,,,,
MZ-V9S4T0BW,Samsung,"990 EVO Plus",4,,,NVMe,M.2,,,,,Desktop,ssd,TLC,2400,,0,0,,1,,,,,,
MZ-VAP4T0BW,Samsung,"9100 PRO",4,,,NVMe,M.2,,,,,Desktop,ssd,TLC,2400,,1,0,,1,,,,,,
ST4000DM004,Seagate,BarraCuda,4,5400,256,SATA,3.5,smr,22,24,0,Desktop,hdd,,,,,,,1,,,,,,
ST4000NT001,Seagate,"IronWolf Pro",4,7200,256,SATA,3.5,cmr,28,32,0,NAS-Pro,hdd,,,,,,,1,,,,,,
ST4000VN006,Seagate,IronWolf,4,5400,256,SATA,3.5,cmr,,,0,NAS,hdd,,,,,,,1,,,,,,
ST4000VX016,Seagate,SkyHawk,4,5900,256,SATA,3.5,cmr,26,27,0,Surveillance,hdd,,,,,,,1,,,,,,
ZA4000NM1A002,Seagate,"IronWolf 125",4,,,SATA,2.5,,,,,NAS,ssd,TLC,5600,0.7,1,0,,1,,,,,,
ZP4000GM3A063,Seagate,"FireCuda 530R",4,,,NVMe,M.2,,,,,Desktop,ssd,TLC,5050,,1,0,,1,,,,,,
HAT3300-4T,Synology,"Plus Series",4,5400,256,SATA,3.5,cmr,23,27,0,NAS,hdd,,,,,,,1,,,,,,
HAT5320-4T,Synology,"Enterprise Series",4,7200,512,SATA,3.5,cmr,,,0,Enterprise,hdd,,,,,,,1,,,,,,
DT02ABA400,Toshiba,DT02,4,5400,128,SATA,3.5,smr,,,0,Desktop,hdd,,,,,,,1,DT02ABA400V,,,,,
HDWD240,Toshiba,P300,4,5400,128,SATA,3.5,smr,22,,0,Desktop,hdd,,,,,,,1,HDWD240EZSTA;HDWD240UZSVA,,,,,
HDWG440,Toshiba,N300,4,7200,256,SATA,3.5,cmr,20,,0,NAS,hdd,,,,,,,1,HDWG440AZSTA;HDWG440EZSTA;HDWG440UZSVA,,,,,
HDWR440,Toshiba,X300,4,7200,256,SATA,3.5,cmr,20,,0,Desktop,hdd,,,,,,,1,HDWR440EZSTA;HDWR440UZSVA;HDWR440XZSTA,,,,,
HMS5C4040BLE640,WD,"MegaScale DC 4000.B",4,5700,64,SATA,3.5,cmr,,,0,Enterprise,hdd,,,,,,,0,,0.47,186,391135,5,"Backblaze thru Q1 2026"
WD4004FRYZ,WD,Gold,4,7200,256,SATA,3.5,cmr,20,32,0,Enterprise,hdd,,,,,,,1,,,,,,
WD4005FFBX,WD,"Red Pro",4,7200,256,SATA,3.5,cmr,20,36,0,NAS-Pro,hdd,,,,,,,1,,,,,,
WD40EFAX,WD,Red,4,5400,256,SATA,3.5,smr,23,29,0,NAS,hdd,,,,,,,1,,,,,,
WD40EFPX,WD,"Red Plus",4,5400,256,SATA,3.5,cmr,24,28,0,NAS,hdd,,,,,,,1,,,,,,
WD40EZAX,WD,Blue,4,5400,256,SATA,3.5,cmr,23,25,0,Desktop,hdd,,,,,,,1,,,,,,
WD40EZAZ,WD,Blue,4,5400,256,SATA,3.5,smr,23,27,0,Desktop,hdd,,,,,,,1,,,,,,
WDS400T1R0C,WD,"Red SN700",4,,,NVMe,M.2,,,,,NAS,ssd,TLC,5100,0.7,1,0,,1,,,,,,
WDS400T1X0M,WD,"Black SN8100",4,,,NVMe,M.2,,,,,Desktop,ssd,TLC,2400,,1,0,,1,,,,,,
WDS400T2R0A,WD,"Red SA500",4,,,SATA,2.5,,,,,NAS,ssd,TLC,2500,,1,0,,1,,,,,,
WDS400T2X0E,WD,"Black SN850X",4,,,NVMe,M.2,,,,,Desktop,ssd,TLC,2400,,1,0,,1,,,,,,
WDS400T4B0E,WD,"Blue SN5000",4,,,NVMe,M.2,,,,,Desktop,ssd,QLC,1200,,0,0,,1,,,,,,
WDS400T4X0E,WD,"Black SN7100",4,,,NVMe,M.2,,,,,Desktop,ssd,TLC,2400,,0,0,,1,,,,,,
SEDC600M/3840G,Kingston,DC600M,3.84,,,SATA,2.5,,,,,Enterprise,ssd,TLC,7008,1,1,1,530,1,,,,,,
KCD8XRUG3T84,Kioxia,CD8-R,3.84,,,NVMe,U.2,,,,,Enterprise,ssd,TLC,7008,1,1,1,3800,1,,,,,,
MTFDDAK3T8TGA,Micron,"5400 PRO",3.84,,,SATA,2.5,,,,,Enterprise,ssd,TLC,8410,1.2,1,1,520,1,,,,,,
MTFDKCC3T8TFR,Micron,"7450 PRO",3.84,,,NVMe,U.3,,,,,Enterprise,ssd,TLC,7300,1,1,1,5000,1,,,,,,
MZ7L33T8HBLT-00W07,Samsung,PM893,3.84,,,SATA,2.5,,,,,Enterprise,ssd,TLC,7008,1,1,1,,1,,,,,,
MZQL23T8HCLS-00A07,Samsung,PM9A3,3.84,,,NVMe,U.2,,,,,Enterprise,ssd,TLC,7008,1,1,1,,1,,,,,,
SSDPF2KX038T1,Solidigm,D7-P5520,3.84,,,NVMe,U.2,,,,,Enterprise,ssd,TLC,7000,1,1,1,3600,1,,,,,,
MTFDKCC3T2TFS,Micron,"7450 MAX",3.2,,,NVMe,U.3,,,,,Enterprise,ssd,TLC,17500,3,1,1,5000,1,,,,,,
ST3000DM007,Seagate,BarraCuda,3,5400,256,SATA,3.5,smr,22,24,0,Desktop,hdd,,,,,,,1,,,,,,
ST3000VN006,Seagate,IronWolf,3,5400,256,SATA,3.5,cmr,,,0,NAS,hdd,,,,,,,1,,,,,,
WD30EFAX,WD,Red,3,5400,256,SATA,3.5,smr,23,29,0,NAS,hdd,,,,,,,1,,,,,,
WD30EFZX,WD,"Red Plus",3,5400,128,SATA,3.5,cmr,24,28,0,NAS,hdd,,,,,,,1,,,,,,
CSSD-F2000GBMP700ENH,Corsair,"MP700 Elite",2,,,NVMe,M.2,,,,,Desktop,ssd,TLC,1200,,0,0,,1,,,,,,
CT2000P3PSSD8,Crucial,"P3 Plus",2,,,NVMe,M.2,,,,,Desktop,ssd,QLC,440,,0,0,,1,,,,,,
CT2000P510SSD1,Crucial,P510,2,,,NVMe,M.2,,,,,Desktop,ssd,TLC,1200,,0,0,7000,1,,,,,,
CT2000T500SSD8,Crucial,T500,2,,,NVMe,M.2,,,,,Desktop,ssd,TLC,1200,,1,0,,1,,,,,,
CT2000T705SSD3,Crucial,T705,2,,,NVMe,M.2,,,,,Desktop,ssd,TLC,1200,,1,0,,1,,,,,,
SKC3000D/2048G,Kingston,KC3000,2,,,NVMe,M.2,,,,,Desktop,ssd,TLC,1600,,1,0,,1,,,,,,
SNV3S/2000G,Kingston,NV3,2,,,NVMe,M.2,,,,,Desktop,ssd,TLC,640,,0,0,,1,,,,,,
LNM790X002T-RNNNU,Lexar,NM790,2,,,NVMe,M.2,,,,,Desktop,ssd,TLC,1500,,0,0,,1,,,,,,
SB-RKT4P-2TB,Sabrent,"Rocket 4 Plus",2,,,NVMe,M.2,,,,,Desktop,ssd,TLC,1400,,1,0,,1,,,,,,
SB-RKT5-2TB,Sabrent,"Rocket 5",2,,,NVMe,M.2,,,,,Desktop,ssd,TLC,1400,,1,0,,1,,,,,,
MZ-77Q2T0,Samsung,"870 QVO",2,,,SATA,2.5,,,,,Desktop,ssd,QLC,720,,1,0,160,1,,,,,,
MZ-V7S2T0,Samsung,"970 EVO Plus",2,,,NVMe,M.2,,,,,Desktop,ssd,TLC,1200,,1,0,,1,,,,,,
MZ-V9P2T0,Samsung,"990 PRO",2,,,NVMe,M.2,,,,,Desktop,ssd,TLC,1200,,1,0,,1,,,,,,
MZ-V9S2T0BW,Samsung,"990 EVO Plus",2,,,NVMe,M.2,,,,,Desktop,ssd,TLC,1200,,0,0,,1,,,,,,
MZ-VAP2T0BW,Samsung,"9100 PRO",2,,,NVMe,M.2,,,,,Desktop,ssd,TLC,1200,,1,0,,1,,,,,,
ST2000DM008,Seagate,BarraCuda,2,7200,256,SATA,3.5,smr,22,24,0,Desktop,hdd,,,,,,,1,,,,,,
ST2000NT001,Seagate,"IronWolf Pro",2,7200,256,SATA,3.5,cmr,28,32,0,NAS-Pro,hdd,,,,,,,1,,,,,,
ST2000VN003,Seagate,IronWolf,2,5400,256,SATA,3.5,cmr,,,0,NAS,hdd,,,,,,,1,,,,,,
ST2000VX017,Seagate,SkyHawk,2,5400,256,SATA,3.5,cmr,26,27,0,Surveillance,hdd,,,,,,,1,,,,,,
ZA2000NM1A002,Seagate,"IronWolf 125",2,,,SATA,2.5,,,,,NAS,ssd,TLC,2800,0.7,1,0,,1,,,,,,
ZP2000GM3A063,Seagate,"FireCuda 530R",2,,,NVMe,M.2,,,,,Desktop,ssd,TLC,2400,,1,0,,1,,,,,,
ZP2000NM3A002,Seagate,"IronWolf 525",2,,,NVMe,M.2,,,,,NAS,ssd,TLC,2800,0.7,,0,965,1,,,,,,
WD2002FFSX,WD,"Red Pro",2,7200,64,SATA,3.5,cmr,20,36,0,NAS-Pro,hdd,,,,,,,1,WD2005FFBX,,,,,
WD2005FBYZ,WD,Gold,2,7200,128,SATA,3.5,cmr,20,32,0,Enterprise,hdd,,,,,,,1,,,,,,
WD20EFAX,WD,Red,2,5400,256,SATA,3.5,smr,23,29,0,NAS,hdd,,,,,,,1,,,,,,
WD20EFPX,WD,"Red Plus",2,5400,128,SATA,3.5,cmr,24,28,0,NAS,hdd,,,,,,,1,,,,,,
WD20EZAZ,WD,Blue,2,5400,256,SATA,3.5,smr,21,26,0,Desktop,hdd,,,,,,,1,,,,,,
WDS200T1R0C,WD,"Red SN700",2,,,NVMe,M.2,,,,,NAS,ssd,TLC,2500,,1,0,,1,,,,,,
WDS200T1X0M,WD,"Black SN8100",2,,,NVMe,M.2,,,,,Desktop,ssd,TLC,1200,,1,0,,1,,,,,,
WDS200T2R0A,WD,"Red SA500",2,,,SATA,2.5,,,,,NAS,ssd,TLC,1300,,1,0,,1,,,,,,
WDS200T2X0E,WD,"Black SN850X",2,,,NVMe,M.2,,,,,Desktop,ssd,TLC,1200,,1,0,,1,,,,,,
WDS200T3X0E,WD,"Black SN770",2,,,NVMe,M.2,,,,,Desktop,ssd,TLC,1200,,0,0,,1,,,,,,
WDS200T4B0E,WD,"Blue SN5000",2,,,NVMe,M.2,,,,,Desktop,ssd,TLC,900,,0,0,,1,,,,,,
WDS200T4X0E,WD,"Black SN7100",2,,,NVMe,M.2,,,,,Desktop,ssd,TLC,1200,,0,0,,1,,,,,,
SEDC600M/1920G,Kingston,DC600M,1.92,,,SATA,2.5,,,,,Enterprise,ssd,TLC,3504,1,1,1,530,1,,,,,,
MTFDDAK1T9TGA,Micron,"5400 PRO",1.92,,,SATA,2.5,,,,,Enterprise,ssd,TLC,5256,1.5,1,1,540,1,,,,,,
MZ7L31T9HBLT-00W07,Samsung,PM893,1.92,,,SATA,2.5,,,,,Enterprise,ssd,TLC,3504,1,1,1,,1,,,,,,
CSSD-F1000GBMP700ENH,Corsair,"MP700 Elite",1,,,NVMe,M.2,,,,,Desktop,ssd,TLC,600,,0,0,,1,,,,,,
CT1000P3PSSD8,Crucial,"P3 Plus",1,,,NVMe,M.2,,,,,Desktop,ssd,QLC,220,,0,0,,1,,,,,,
CT1000P510SSD1,Crucial,P510,1,,,NVMe,M.2,,,,,Desktop,ssd,TLC,600,,0,0,,1,,,,,,
CT1000T500SSD8,Crucial,T500,1,,,NVMe,M.2,,,,,Desktop,ssd,TLC,600,,1,0,,1,,,,,,
CT1000T705SSD3,Crucial,T705,1,,,NVMe,M.2,,,,,Desktop,ssd,TLC,600,,1,0,,1,,,,,,
SFYRS/1000G,Kingston,"Fury Renegade",1,,,NVMe,M.2,,,,,Desktop,ssd,TLC,1000,,1,0,,1,,,,,,
SKC3000S/1024G,Kingston,KC3000,1,,,NVMe,M.2,,,,,Desktop,ssd,TLC,800,,1,0,,1,,,,,,
SNV3S/1000G,Kingston,NV3,1,,,NVMe,M.2,,,,,Desktop,ssd,TLC,320,,0,0,,1,,,,,,
LNM790X001T-RNNNU,Lexar,NM790,1,,,NVMe,M.2,,,,,Desktop,ssd,TLC,1000,,0,0,,1,,,,,,
SB-RKT4P-1TB,Sabrent,"Rocket 4 Plus",1,,,NVMe,M.2,,,,,Desktop,ssd,TLC,700,,1,0,,1,,,,,,
SB-RKT5-1TB,Sabrent,"Rocket 5",1,,,NVMe,M.2,,,,,Desktop,ssd,TLC,700,,1,0,,1,,,,,,
MZ-77Q1T0,Samsung,"870 QVO",1,,,SATA,2.5,,,,,Desktop,ssd,QLC,360,,1,0,80,1,,,,,,
MZ-V7S1T0,Samsung,"970 EVO Plus",1,,,NVMe,M.2,,,,,Desktop,ssd,TLC,600,,1,0,,1,,,,,,
MZ-V8P1T0BW,Samsung,"980 PRO",1,,,NVMe,M.2,,,,,Desktop,ssd,TLC,600,,1,0,,1,,,,,,
MZ-V9P1T0,Samsung,"990 PRO",1,,,NVMe,M.2,,,,,Desktop,ssd,TLC,600,,1,0,,1,,,,,,
MZ-V9S1T0BW,Samsung,"990 EVO Plus",1,,,NVMe,M.2,,,,,Desktop,ssd,TLC,600,,0,0,,1,,,,,,
MZ-VAP1T0BW,Samsung,"9100 PRO",1,,,NVMe,M.2,,,,,Desktop,ssd,TLC,600,,1,0,,1,,,,,,
ST1000VN002,Seagate,IronWolf,1,5900,64,SATA,3.5,cmr,,,0,NAS,hdd,,,,,,,1,,,,,,
ST1000VX013,Seagate,SkyHawk,1,5900,64,SATA,3.5,cmr,26,27,0,Surveillance,hdd,,,,,,,1,,,,,,
ZA1000NM1A002,Seagate,"IronWolf 125",1,,,SATA,2.5,,,,,NAS,ssd,TLC,1400,0.7,1,0,,1,,,,,,
ZP1000GM3A063,Seagate,"FireCuda 530R",1,,,NVMe,M.2,,,,,Desktop,ssd,TLC,1100,,1,0,,1,,,,,,
ZP1000NM3A002,Seagate,"IronWolf 525",1,,,NVMe,M.2,,,,,NAS,ssd,TLC,1400,0.7,,0,995,1,,,,,,
SSDPFKKW010X7X1,Solidigm,"P44 Pro",1,,,NVMe,M.2,,,,,Desktop,ssd,TLC,700,,1,0,,1,,,,,,
WD1005FBYZ,WD,Gold,1,7200,128,SATA,3.5,cmr,20,32,0,Enterprise,hdd,,,,,,,1,,,,,,
WDS100T1R0A,WD,"Red SA500",1,,,SATA,2.5,,,,,NAS,ssd,TLC,600,,1,0,,1,,,,,,
WDS100T1R0C,WD,"Red SN700",1,,,NVMe,M.2,,,,,NAS,ssd,TLC,2000,,1,0,,1,,,,,,
WDS100T1X0M,WD,"Black SN8100",1,,,NVMe,M.2,,,,,Desktop,ssd,TLC,600,,1,0,,1,,,,,,
WDS100T2X0E,WD,"Black SN850X",1,,,NVMe,M.2,,,,,Desktop,ssd,TLC,600,,1,0,,1,,,,,,
WDS100T3X0E,WD,"Black SN770",1,,,NVMe,M.2,,,,,Desktop,ssd,TLC,600,,0,0,,1,,,,,,
WDS100T4B0E,WD,"Blue SN5000",1,,,NVMe,M.2,,,,,Desktop,ssd,TLC,600,,0,0,,1,,,,,,
WDS100T4X0E,WD,"Black SN7100",1,,,NVMe,M.2,,,,,Desktop,ssd,TLC,600,,0,0,,1,,,,,,
SEDC600M/960G,Kingston,DC600M,0.96,,,SATA,2.5,,,,,Enterprise,ssd,TLC,1752,1,1,1,530,1,,,,,,
MTFDDAK960TGA,Micron,"5400 PRO",0.96,,,SATA,2.5,,,,,Enterprise,ssd,TLC,2628,1.5,1,1,540,1,,,,,,
SNV3410-800G,Synology,SNV3410,0.8,,,NVMe,M.2,,,,,NAS,ssd,TLC,1022,0.7,,0,,1,,,,,,
SNV3510-800G,Synology,SNV3510,0.8,,,NVMe,M.2,,,,,NAS,ssd,TLC,1022,0.7,,1,,1,,,,,,
ZP500NM3A002,Seagate,"IronWolf 525",0.5,,,NVMe,M.2,,,,,NAS,ssd,TLC,700,0.7,,0,525,1,,,,,,
WDS500G1R0C,WD,"Red SN700",0.5,,,NVMe,M.2,,,,,NAS,ssd,TLC,1000,,1,0,,1,,,,,,
SNV3410-400G,Synology,SNV3410,0.4,,,NVMe,M.2,,,,,NAS,ssd,TLC,491,0.67,,0,,1,,,,,,
SNV3510-400G,Synology,SNV3510,0.4,,,NVMe,M.2,,,,,NAS,ssd,TLC,491,0.67,,1,,1,,,,,,
